start;end;yule_k_characteristic
0;239;339.5061728395062
241;652;376.2755102040816
654;1251;311.6343490304709
1253;1597;259.8789604841581
1599;2150;291.2808641975309
2152;3455;587.1056241426612
3457;3935;407.71484375
3937;4348;292.39766081871346
4350;4736;357.02479338842977
4738;6283;569.8961937716263
6285;6389;147.92899408284023
6391;6677;265.28258362168395
6679;6827;344.82758620689657
6829;6988;380.49940546967895
6990;7083;185.9504132231405
7085;7169;339.5061728395062
7171;7322;277.77777777777777
7324;7795;176.39331957215236
7797;8541;542.2050476995532
8543;8842;277.77777777777777
8844;9790;411.3421550094518
9792;9902;48.0
9904;9985;207.61245674740485
9987;10040;153.0612244897959
10042;10228;92.5925925925926
10230;10473;140.33499320959712
10475;10519;600.0
10521;10786;222.11720226843101
10788;10993;186.98060941828254
10995;11134;831.758034026465
11136;11410;258.03531009506565
11412;11772;277.77777777777777
11774;11996;196.3117192147531
11998;12353;370.58316575696637
12355;12543;380.6228373702422
12545;13145;469.1828254847645
13147;13458;434.4482891195694
13460;13673;131.49243918474687
13675;14485;376.4336829722576
14487;14906;220.5419029615627
14908;15610;334.78584334148155
15612;16279;289.05075731298416
16281;16519;579.5847750865051
16521;16753;317.46031746031747
16755;17288;399.93074792243766
17290;17591;388.0
17593;17938;600.1371742112483
17940;18406;379.8126951092612
18408;18754;529.3005671077505
18756;19808;611.9633146660174
19810;20772;766.0057646956066
20774;21526;331.9943289224953
21528;22413;418.51258365538695
22415;23283;441.5294924554184
23285;23548;243.2610124917817
23550;24390;456.0887279311906
24392;24981;325.48476454293626
24983;25713;321.3296398891967
25715;26351;392.56198347107437
26353;27681;396.1950059453032
27683;27858;100.0
27860;28862;641.7410714285714
28864;29206;402.8972385694885
29208;29585;214.0309155766944
29587;31190;583.3866536188791
31192;32556;433.6889934682949
32558;33059;339.76124885215796
33061;33536;433.1360946745562
33538;33995;327.49209997127264
33997;34365;1036.6681756450882
34367;35876;585.6128808864266
35878;36679;590.3790087463557
36681;37070;190.24970273483947
37072;37291;145.42936288088643
37293;37950;308.41652463274085
37952;38528;359.16824196597355
38530;39443;439.6694214876033
39445;40414;458.57988165680473
40416;40900;282.18694885361555
40902;42115;771.9699005643644
42117;42804;427.1604938271605
42806;44025;634.765625
44027;44098;918.3673469387755
44100;44388;618.6793575252826
44390;44497;309.91735537190084
44499;45120;636.094674556213
45122;45145;0.0
45147;45188;133.33333333333334
45190;45505;334.4867358708189
45507;46062;365.3260695401378
46064;46190;71.3436385255648
46192;46347;285.46712802768167
46349;46483;240.0
46485;46854;246.73008323424494
46856;46925;459.18367346938777
46927;47434;462.25761772853184
47436;47607;114.28571428571429
47609;48210;301.7301038062284
48212;48368;371.09375
48370;48935;474.7607431037718
48937;49471;317.22550953320183
49473;49765;294.42148760330576
49767;50581;316.84027777777777
50583;50804;216.0493827160494
50806;51339;523.705613965483
51341;51657;430.05885015844274
51659;51750;637.1191135734072
51752;52477;369.1358024691358
52479;52664;301.7689906347555
52666;53122;396.4378052283827
53124;53246;226.8431001890359
53248;53621;284.63648834019205
53623;53685;495.8677685950413
53687;53855;295.85798816568047
53857;53898;600.0
53900;54327;188.14878892733563
54329;54561;191.5868388171595
54563;55678;534.3195266272189
55680;55878;416.1712247324614
55880;56986;557.1640420874232
56988;57715;249.29111531190927
57717;57876;343.3922996878252
57878;57937;765.3061224489796
57939;57997;177.5147928994083
57999;58357;166.46848989298454
58359;58493;272.0
58495;59338;397.27295682181636
59340;60232;282.64462809917353
60234;60395;468.26222684703436
60397;61104;335.8486555425656
61106;61388;250.4725897920605
61390;61928;358.41621317320323
61930;62026;150.0
62028;62281;313.6830719307734
62283;62386;387.8116343490305
62388;63525;284.22496570644716
63527;63699;110.19283746556474
63701;63828;164.6090534979424
63830;63949;136.05442176870747
63951;64105;392.39001189060644
64107;64598;576.2167125803489
64600;65005;411.1797903789304
65007;65424;298.5074626865672
65426;65793;178.51646660510926
65795;66594;356.59361783929256
66596;66773;310.2040816326531
66775;66859;117.1875
66861;67194;277.36686390532543
67196;67244;1487.603305785124
67246;67654;240.58810425484518
67656;68041;379.20137891410513
68043;68476;163.31360946745562
68478;69413;431.64827340690636
69415;69674;443.75
69676;69905;190.66403681788296
69907;69981;255.6610664718773
69983;70121;192.04389574759946
70123;70243;204.08163265306123
70245;70338;185.1851851851852
70340;70576;275.0
70578;70674;1038.0622837370242
70676;70777;317.46031746031747
70779;70801;572.9166666666666
70803;70855;113.42155009451795
70857;71357;351.7422748191979
71359;71746;255.64803804994054
71748;72223;167.93628808864267
72225;72436;372.5346968590212
72438;72645;136.82331945270673
72647;72765;378.0718336483932
72767;73923;411.94255479969763
73925;74275;280.0
74277;76910;740.4481470841712
76912;77301;271.0459183673469
77303;77531;254.62962962962962
77533;78061;320.40816326530614
78063;78232;322.22222222222223
78234;78760;209.77777777777777
78762;79417;590.3739612188366
79419;79559;192.0
79561;79637;103.80622837370242
79639;79931;771.604938271605
79933;80239;414.81481481481484
80241;80451;168.75
80453;80508;416.6666666666667
80510;80583;68.02721088435374
80585;80924;361.3994617454825
80926;81260;202.14030915576694
81262;81351;123.96694214876032
81353;81405;153.0612244897959
81407;81810;269.8224852071006
81812;82589;444.7713897691263
82591;82820;393.51851851851853
82822;83063;228.53185595567868
83065;83138;400.0
83140;83605;345.2884829583426
83607;84907;700.2743129237617
84909;85048;267.85714285714283
85050;85127;800.0
85129;85758;721.8755270703323
85760;86570;559.6371882086167
86572;86646;1132.8125
86648;86725;666.6666666666666
86727;86733;7500.0
86735;86810;351.5625
86812;86875;133.33333333333334
86877;87374;258.4094453107596
87376;87443;306.1224489795918
87445;87776;424.0
87778;87847;185.9504132231405
87849;87901;249.30747922437672
87903;88046;1005.9171597633136
88048;88186;177.5147928994083
88188;88445;312.17481789802287
88447;88884;510.1130279595479
88886;89204;601.6528925619834
89206;89720;360.8888888888889
89722;90057;280.8888888888889
90059;90268;280.66998641919423
90270;90911;442.23682102227207
90913;90993;133.33333333333334
90995;91295;284.0
91297;91468;484.6938775510204
91470;91575;575.0
91577;91827;318.5595567867036
91829;92599;582.0491461890879
92601;92804;449.95408631772267
92806;92849;177.5147928994083
92851;93097;321.23735871505056
93099;93278;187.75510204081633
93280;94048;465.5009451795841
94050;94349;662.5
94351;94435;103.80622837370242
94437;94580;399.4082840236686
94582;94669;588.2352941176471
94671;94896;186.98060941828254
94898;95395;214.28571428571428
95397;95630;154.320987654321
95632;95825;316.358024691358
95827;96160;274.3801652892562
96162;96219;743.801652892562
96221;96729;358.41621317320323
96731;96782;468.75
96784;97266;256.55864197530866
97268;97787;765.9231389411449
97789;98131;441.438234247063
98133;98177;208.33333333333334
98179;98353;318.8775510204082
98355;98383;612.2448979591836
98385;98584;527.6816608996539
98586;98752;433.6734693877551
98754;99007;242.38227146814404
99009;99252;277.77777777777777
99254;99327;277.77777777777777
99329;99505;588.8888888888889
99507;99700;138.78743608473337
99702;99755;743.801652892562
99757;99832;416.6666666666667
99834;99895;247.93388429752065
99897;99936;1224.4897959183672
99938;100000;247.93388429752065
100002;100111;141.6076634735527
100113;100278;197.22425127830533
100280;100311;740.7407407407408
100313;100364;208.33333333333334
100366;100467;170.13232514177693
100469;100634;293.3673469387755
100636;100922;365.4320987654321
100924;101007;648.1481481481482
101009;102667;537.795918367347
102669;102830;343.3922996878252
102832;102959;464.0
102961;103105;573.9795918367347
103107;103283;181.25
103285;103376;195.91836734693877
103378;103571;517.578125
103573;103744;97.95918367346938
103746;103792;247.93388429752065
103794;103903;609.4182825484764
103905;104270;244.5579145391024
104272;106136;651.4341273699563
106138;106912;186.01127851190978
106914;107022;867.3469387755102
107024;107623;493.42105263157896
107625;108757;400.326321309947
108759;108898;221.89349112426035
108900;110260;841.5713472387557
110262;110420;322.22222222222223
110422;110937;320.2908587257618
110939;112314;483.496234577792
112316;113431;481.1209622419245
113433;113661;262.9656683710738
113663;114368;284.0550435551067
114370;114758;309.0567051867777
114760;114803;133.33333333333334
114805;115559;385.80082899351686
115561;115907;414.9519890260631
115909;116229;582.716049382716
116231;117320;429.34820987218416
117322;118486;582.2306238185255
118488;120207;1042.9367133020482
120209;120634;323.1763619575254
120636;121189;375.3049352598987
121191;121912;430.70418813581716
121914;122378;385.3865003341501
122380;122713;259.8789604841581
122715;122969;432.6663061114116
122971;123670;289.3813775510204
123676;123832;271.0459183673469
123834;123922;271.0459183673469
123924;124073;266.6666666666667
124075;124269;334.6938775510204
124271;124599;606.6093254866455
124601;124788;293.2098765432099
124790;125022;491.49338374291113
125024;125126;535.077288941736
125128;125249;413.22314049586777
125259;125268;0.0
125280;125288;0.0
125294;125482;798.8165680473372
125488;125673;478.515625
125681;125767;0.0
125769;126364;472.488949855205
126372;126411;0.0
126413;126515;75.0
126523;126563;0.0
126565;126926;221.60664819944597
126928;127103;107.0154577883472
127105;127443;753.5563244905806
127451;127489;1666.6666666666667
127491;127509;0.0
127517;127559;370.3703703703704
127561;127755;497.9591836734694
127757;127957;337.3702422145329
127959;127996;833.3333333333334
128002;128098;351.5625
128100;128116;0.0
128122;128209;351.5625
128211;128267;153.0612244897959
128273;128483;594.1358024691358
128485;128725;136.82331945270673
128727;128958;380.859375
128960;130125;422.14301626197374
130127;130477;273.6686390532544
130479;130894;230.6122448979592
130896;131120;448.9795918367347
131122;131268;200.0
131270;131891;242.41544491217883
131899;131945;123.96694214876032
131947;132022;123.96694214876032
132024;132983;522.8382648664177
132985;133625;543.0932703659977
133627;133856;129.13223140495867
133858;133937;234.375
133939;134007;459.18367346938777
134009;134059;247.93388429752065
134061;134116;416.6666666666667
134118;134223;277.77777777777777
134225;134329;103.80622837370242
134331;134620;795.0617283950618
134622;134698;0.0
134700;134883;262.98487836949374
134885;135147;284.09090909090907
135149;135284;216.83673469387756
135286;135384;61.98347107438016
135386;135417;650.887573964497
135419;136020;313.6830719307734
136022;136240;65.74141709276844
136242;136305;117.1875
136307;136717;256.34765625
136719;136740;0.0
136742;137322;200.69204152249134
137324;137395;207.61245674740485
137397;137584;219.1380569758948
137586;137804;361.6042077580539
137806;138077;598.2905982905983
138079;138313;523.4979179060083
138315;138404;581.7174515235457
138406;138690;177.5147928994083
138696;138878;366.6666666666667
138880;139015;355.0295857988166
139017;139137;359.16824196597355
139139;139193;177.5147928994083
139199;139229;0.0
139231;139484;170.45454545454547
139486;139663;318.3673469387755
139665;139967;356.65294924554183
139969;140013;600.0
140015;140125;433.88429752066116
140127;140201;103.80622837370242
140203;140342;309.15576694411413
140344;140781;324.2603550295858
140783;140879;387.8116343490305
140881;141050;212.66540642722117
141052;141255;256.7901234567901
141257;141405;100.0
141407;141680;149.79338842975207
141682;141941;286.6414277988102
141943;142077;207.10059171597632
142079;142143;429.6875
142145;142800;581.0657596371882
142802;143193;249.932813759742
143195;143286;249.30747922437672
143288;143499;233.7472607742878
143501;143532;612.2448979591836
143534;143640;648.1481481481482
143642;144439;282.99319727891157
144441;144691;211.77685950413223
144693;144986;213.85609267097348
144988;145312;229.5684113865932
145314;145498;118.51851851851852
145500;145888;437.0575561711296
145890;146218;220.0
146220;146462;249.83563445101908
146464;147123;492.1579232017307
147125;147211;333.7278106508876
147213;147322;310.6508875739645
147324;147554;429.3628808864266
147556;147807;442.17687074829934
147809;147998;285.7142857142857
148000;148109;254.62962962962962
148111;148226;452.1181915272339
148228;148254;321.04637336504163
148256;148502;600.8328375966687
148504;148547;177.5147928994083
148549;148860;421.59763313609466
148862;148913;537.1900826446281
148915;149539;708.7334247828074
149541;149596;266.6666666666667
149598;149982;353.9550630963373
149984;150045;234.375
150047;151158;822.3211720769893
151160;151242;664.0625
151244;152286;481.28
152288;152402;295.1388888888889
152404;153057;257.5614366729679
153059;153883;458.0
153885;154137;268.75
154139;154215;666.6666666666666
154217;154584;632.396449704142
154586;154621;740.7407407407408
154623;154789;155.70934256055364
154791;155149;267.3469387755102
155151;155515;218.5287780855648
155517;155796;476.1904761904762
155798;157474;790.4499540863177
157476;157842;577.2569444444445
157844;158084;187.0748299319728
158086;158568;321.36105860113423
158570;158892;459.2381630473478
158894;159834;446.8931741659014
159836;160258;528.1207133058984
160260;160385;886.4265927977839
160387;160624;219.1380569758948
160626;161364;248.48090277777777
161366;162028;217.9944510503369
162030;163168;887.3365041617122
163170;163987;671.4681440443213
163989;164696;419.5011337868481
164698;166163;307.1800208116545
166165;166235;898.4375
166237;166522;392.15686274509807
166524;166629;385.4875283446712
166631;166727;117.1875
166729;166864;164.6090534979424
166866;166924;416.6666666666667
166926;167036;204.08163265306123
167038;167110;234.375
167112;167820;419.14548404542995
167822;168230;384.3052942757323
168232;168424;514.2857142857143
168426;168523;136.05442176870747
168525;168928;538.049940546968
168930;169935;316.162109375
169937;170036;600.0
170038;170220;171.42857142857142
170222;170558;603.5665294924554
170560;170627;550.0
170629;171116;474.537037037037
171118;171597;214.12037037037038
171599;172199;416.41879833432483
172201;172664;324.70703125
172666;173089;273.9304401354263
173091;174090;425.6
174092;174293;233.80811609782316
174295;174520;324.0740740740741
174522;174599;117.1875
174601;174689;498.61495844875344
174691;174907;157.79092702169626
174909;174937;612.2448979591836
174939;175028;166.2049861495845
175030;175380;363.1886734379809
175382;175796;285.14145689463135
175798;175852;355.0295857988166
175854;175912;266.6666666666667
175914;176271;357.0329332102185
176273;176640;424.8229904206581
176642;177607;724.7933884297521
177609;177748;0.0
177750;178192;591.2389142703574
178194;178543;222.44897959183675
178545;178687;262.5739644970414
178689;178899;224.9134948096886
178901;179159;152.0
179161;179473;331.07867568529724
179475;179512;177.5147928994083
179514;179848;478.9670970428988
179850;180035;233.56401384083046
180037;180234;186.98060941828254
180236;180519;141.6076634735527
180521;180675;351.0204081632653
180677;180786;506.198347107438
180788;181123;380.9184763260947
181125;181224;317.46031746031747
181226;181428;83.10249307479225
181430;181671;237.5
181673;181746;92.5925925925926
181748;181968;430.8390022675737
181970;182515;380.87681015671495
182517;182776;515.8730158730159
182778;183442;287.89455428373225
183444;183545;166.2049861495845
183547;183643;185.9504132231405
183645;183872;333.13503866745987
183874;184060;388.8888888888889
184062;184313;232.42630385487527
184315;184639;400.0
184641;185155;192.30769230769232
185157;185199;240.0
185201;185372;162.03703703703704
185374;185501;240.0
185503;186355;393.8609467455621
186357;186808;270.6916099773243
186810;186902;249.70273483947682
186904;186996;185.9504132231405
186998;187175;400.0
187177;187588;244.140625
187590;187960;442.97520661157023
187962;188103;399.4082840236686
188105;188466;249.70273483947682
188468;188622;107.0154577883472
188624;189322;441.376188320507
189324;189981;574.7126436781609
189983;190364;407.5355632449058
190366;190774;174.29760665972944
190776;191137;214.49704142011834
191139;191504;175.0
191506;191740;424.38271604938274
191742;192471;362.7126654064272
192473;193830;464.9323621227888
193832;194068;221.35416666666666
194070;194416;339.0
194418;195114;387.33558067287987
195116;195777;314.27221172022684
195779;195865;375.0
195867;196311;270.55150884495316
196313;197062;667.7229515617927
197064;197578;303.9969975605179
197580;197659;33.333333333333336
197661;197896;85.9504132231405
197898;198244;402.8972385694885
198246;198364;475.20661157024796
198366;198462;408.16326530612247
198464;198602;233.19615912208505
198604;198647;416.6666666666667
198649;198928;618.75
198930;199387;373.5554958344531
199389;200116;571.604938271605
200118;200545;353.3467394426889
200547;201821;438.7060946827711
201823;202310;273.75520730013886
202312;202777;428.40236686390534
202779;202901;468.75
202903;202992;306.1224489795918
202994;203387;342.65558075081884
203389;203613;103.70370370370371
203615;203654;377.77777777777777
203656;203861;328.7981859410431
203863;203929;306.1224489795918
203931;204190;181.25
204192;204707;208.0
204709;204783;622.8373702422145
204785;205444;232.5581395348837
205446;205536;130.79667063020213
205538;205589;140.30612244897958
205591;205785;25.951557093425606
205787;206547;388.31360946745565
206549;206630;311.4186851211073
206632;206850;249.85127900059487
206852;206986;434.7826086956522
206988;208028;530.5785123966942
208030;208405;427.19829120683517
208407;208914;492.3076923076923
208916;210637;468.68806975822434
210639;211612;483.2256078793475
211614;212168;512.1170553269319
212170;212537;425.971101519985
212539;212699;88.75739644970415
212701;213065;213.88888888888889
213067;213217;202.14030915576694
213219;214391;600.2771478961955
214393;214590;314.0978816654492
214592;215260;407.7562326869806
215262;215836;321.875
215838;215973;224.0
215975;216530;335.3171723036725
216532;216962;273.15296566077
216964;217680;248.7622267842048
217682;217756;88.88888888888889
217758;217964;183.2569762598917
217966;218454;228.93601050853817
218456;218893;524.90234375
218895;219269;541.1178355286579
219271;219642;510.35502958579883
219644;219936;281.06508875739644
219938;220019;429.6875
220021;220275;411.032990805841
220277;220889;355.12879134278313
220891;221185;315.08264462809916
221187;221671;214.24320571315215
221673;222917;454.54545454545456
222919;223268;192.47342717609882
223270;223753;439.01384083044985
223755;224114;229.4921875
224116;224279;142.6872770511296
224281;224622;383.9913466738778
224624;225124;268.4441197954711
225126;225888;423.1770833333333
225890;226223;468.0
226225;226708;266.2993572084481
226710;227082;398.0228928199792
227084;227340;398.5722784057109
227342;228287;312.82016255720237
228289;228897;189.6172967973176
228899;228949;88.75739644970415
228951;228983;370.3703703703704
228985;229009;612.2448979591836
229011;229021;1875.0
229023;229281;420.77580539119003
229283;229958;295.0617283950617
229960;230698;482.2301492931695
230700;232042;547.2150227394983
232044;232246;290.90909090909093
232248;232461;517.578125
232463;232725;349.36844934157483
232727;233166;286.1111111111111
233168;233308;331.6326530612245
233310;233815;401.3840830449827
233817;234697;502.4793388429752
234699;235038;141.58202523853492
235040;235161;87.65522279035793
235163;235915;503.3081285444234
235917;236488;546.6481504860498
236490;237130;508.1216159933361
237132;237968;280.3488786044856
237970;238864;346.56277899521143
238866;239481;483.23471400394476
239483;239631;153.0612244897959
239633;239982;492.11841599384854
239984;240343;363.5204081632653
240345;240820;525.7295611494765
240822;241541;444.67578822129684
241543;242492;398.50661472283093
242494;242902;395.36266349583826
242904;244579;560.15625
244581;244924;408.0
244926;245898;541.154358211293
245900;246515;561.3425925925926
246517;246899;520.8333333333334
246901;247079;255.55555555555554
247081;247522;192.87109375
247524;247728;43.82761139517896
247730;248450;277.7427092538821
248452;248815;171.32779037540942
248817;248887;251.4792899408284
248889;249564;384.67121498040353
249566;250102;326.8809349890431
250104;250756;748.7333458434979
250758;251393;318.75
251395;251853;317.11905401773714
251855;252568;464.5086369574684
252570;252724;88.75739644970415
252726;252951;73.46938775510205
252953;253403;231.9526627218935
253405;253824;424.10714285714283
253826;254399;561.3965483039079
254401;254956;332.1448677050103
254958;255341;234.71074380165288
255343;255577;189.91964937910885
255579;255819;555.1497443389335
255821;256289;312.2130394857668
256291;256606;159.02366863905326
256608;257288;224.48015122873346
257290;257543;293.2098765432099
257545;258055;413.7786179374081
258057;258796;480.86011342155007
258798;258912;396.97542533081287
258914;259027;104.16666666666667
259029;259167;246.91358024691357
259169;259275;123.96694214876032
259277;259937;286.3286555002263
259939;260166;336.01168736303873
260168;260610;411.03017689906346
260612;260636;833.3333333333334
260638;260744;166.2049861495845
260746;261179;327.1484375
261181;261987;552.0
261989;262553;333.13503866745987
262555;263490;658.5034013605442
263492;264412;474.7991234477721
264414;264533;500.0
264535;264753;96.3718820861678
264755;265350;353.125
265352;265814;231.4814814814815
265816;266268;287.2260015117158
266270;266338;208.33333333333334
266340;267161;306.0
267163;267205;370.3703703703704
267207;267495;268.0
267497;267997;257.88534021027573
267999;268199;233.56401384083046
268201;268641;742.984693877551
268643;269186;345.7581379659302
269188;269370;354.6712802768166
269372;269407;612.2448979591836
269409;269546;71.3436385255648
269548;269769;210.38790269559502
269771;270141;438.29296424452133
270143;270685;210.9375
270687;271127;241.93548387096774
271129;271744;402.1791379586605
271746;272692;610.217995118256
272694;273289;435.568704799474
273291;273758;291.1242603550296
273760;274590;513.2641291810842
274592;274663;52.083333333333336
274665;274753;117.1875
274755;276426;1075.390625
276428;276584;44.37869822485207
276586;276966;322.22222222222223
276968;277369;234.83947681331748
277371;278016;317.28395061728395
278018;278061;370.3703703703704
278063;278083;833.3333333333334
278085;278131;247.93388429752065
278133;278779;310.56684762025
278781;278893;204.08163265306123
278895;280802;834.9107625743645
280804;281020;308.15972222222223
281022;281288;337.3594335693461
281290;282343;361.2414494883826
282345;282487;274.34842249657066
282489;282749;361.6042077580539
282751;282985;283.9335180055402
282987;283174;87.890625
283176;283198;833.3333333333334
283200;283867;373.4312825221916
283869;283932;495.8677685950413
283934;285597;635.2081811541271
285599;286027;374.2481621742036
286029;286305;362.5
286307;286384;0.0
286386;286707;537.1900826446281
286709;287220;524.90234375
287222;288344;486.4
288346;288798;321.04637336504163
288800;289994;402.3186409550046
289996;290789;415.3463105477592
290791;291337;337.3702422145329
291339;292407;317.4406348812698
292409;293275;430.0984765592122
293277;294289;428.08094090145374
294291;295783;806.5274039899184
295785;297134;549.6601300797105
297136;297381;154.66983938132066
297383;298708;417.0576093075624
298710;299427;397.2318339100346
299429;300173;520.1363464209064
300175;300732;312.2717311906501
300734;301366;255.6818181818182
301368;301491;503.47222222222223
301493;301753;239.9275690357628
301755;301929;521.2620027434842
301931;302033;340.13605442176873
302035;302247;131.4828341855369
302249;302293;300.0
302295;302441;500.0
302443;302567;170.13232514177693
302569;302610;370.3703703703704
302612;303216;728.6340394448503
303218;303270;416.6666666666667
303272;303403;200.83102493074793
303405;303547;184.0
303549;303718;113.63636363636364
303720;304360;632.7479338842975
304362;304564;331.7901234567901
304566;304912;820.3125
304914;305072;355.55555555555554
305074;305184;560.0
305186;305210;366.6666666666667
305212;305549;430.75827696689214
305551;305771;203.81328073635765
305773;305933;356.65294924554183
305935;306094;124.86992715920915
306096;307000;611.1516922327733
307002;307140;183.65472910927457
307142;307397;202.26055919095776
307399;307571;348.9439853076217
307573;307901;350.0566893424036
307903;308243;450.0
308245;308370;266.2721893491124
308372;308557;354.6712802768166
308559;308854;312.3698458975427
308856;308937;0.0
308939;309038;510.3969754253308
309040;309349;269.1272587466359
309351;310581;776.8749029553336
310583;310799;335.5879292403746
310801;310881;192.8374655647383
310883;311190;216.67926429831192
311192;311408;289.28336620644313
311410;312323;380.94598226283256
312325;312382;153.0612244897959
312384;312559;311.4186851211073
312561;312637;468.75
312639;312734;385.4875283446712
312736;312917;353.1009506564056
312919;313782;373.1917513080948
313784;314609;437.0
314611;318671;1660.489772940514
318673;319554;383.5063437139562
319556;319704;405.55555555555554
319706;319924;405.55555555555554
319926;320383;388.5738290275152
320385;320829;322.49937011841774
320831;321360;332.6530612244898
321362;321527;178.57142857142858
321529;322005;346.9387755102041
322007;322586;499.9008133306884
322588;323578;501.9970240426032
323580;323948;469.9181203275187
323950;324281;242.21453287197232
324283;324989;409.87654320987656
324991;325341;186.63194444444446
325343;326876;814.1519250780437
326878;328581;729.1046995835812
328583;329750;592.9010509617291
329752;330052;415.5188246097337
330054;330567;367.3220545648529
330569;330777;187.75510204081633
330779;331251;488.28125
331253;331855;575.139146567718
331857;332178;269.3761814744802
332180;334190;768.736303871439
334192;334379;257.1166207529844
334381;334967;302.49307479224376
334969;335534;335.8843537414966
335536;336122;447.40686632578524
336124;336367;536.3321799307959
336369;336440;266.6666666666667
336442;336518;0.0
336520;336596;1155.5555555555557
336598;336890;188.6094674556213
336892;336993;133.33333333333334
336995;337141;214.0309155766944
337143;337615;160.2293810086018
337617;337733;170.13232514177693
337735;337873;96.0
337875;338049;280.9573361082206
338051;338609;328.0592248512121
338611;339007;480.59807760768956
339009;339603;535.0620891161432
339605;339800;263.671875
339802;340190;270.0373455903476
340192;340383;255.6610664718773
340385;341264;345.3186187255251
341266;341616;763.8888888888889
341618;342592;417.1739306874442
342594;343024;389.03061224489795
343026;343285;537.5
343287;343582;254.06080799666805
343584;343802;353.18559556786704
343804;344164;225.59171597633136
344166;344417;203.81328073635765
344419;345491;238.5673937864311
345493;345769;404.0816326530612
345771;346282;548.0968858131488
346284;346531;400.2163331530557
346533;346699;259.51557093425606
346701;347118;297.2651605231867
347120;347145;0.0
347147;347240;375.0
347242;347486;118.80165289256199
347488;347734;713.2963988919668
347736;348173;339.53287197231833
348175;348244;234.375
348246;348551;404.0
348553;348852;392.15686274509807
348854;349171;273.4375
349173;349846;434.6020761245675
349848;351206;390.625
351208;351744;403.2766225582861
351746;352039;306.1224489795918
352041;354607;685.7535671819263
354609;354822;241.0518626734843
354824;355594;297.84260634116515
355596;355641;300.0
355643;355952;477.3156899810964
355954;356626;294.62280354075835
356628;356731;581.7174515235457
356733;356817;266.6666666666667
356819;356892;612.2448979591836
356894;357406;366.22222222222223
357408;357670;265.0081124932396
357672;358110;329.69480953441746
358112;358199;92.5925925925926
358201;358485;116.61807580174927
358487;358779;174.9271137026239
358781;359098;345.6892961266139
359100;359184;75.0
359186;359231;900.0
359233;359457;136.05442176870747
359459;359581;364.5833333333333
359583;359649;247.93388429752065
359651;359800;301.7832647462277
359802;359967;249.70273483947682
359969;360720;629.7258979206049
360722;360919;332.409972299169
360921;361011;166.2049861495845
361013;361341;329.14201183431953
361343;361389;300.0
361391;361734;281.2388750444998
361736;361838;225.0
361840;362137;397.72727272727275
362139;362163;1100.0
362165;362427;304.0399833402749
362429;362895;253.91787343780996
362897;363451;376.1869978086194
363453;363648;688.7755102040817
363650;364212;315.5818540433925
364214;365144;425.8900765928794
365146;365927;483.1024930747922
365929;367162;432.1571098508717
367164;368341;458.01526717557255
368343;368699;175.3826530612245
368701;369549;292.56198347107437
369551;369852;177.77777777777777
369854;371474;713.6869379667734
371476;372632;468.72093744187487
372634;372972;324.8646397334444
372974;374030;332.33610822060353
374032;374918;427.35042735042737
374920;375094;493.82716049382714
375096;375312;259.51557093425606
375314;375617;179.0920449812578
375619;376376;429.6875
376378;376443;103.80622837370242
376445;376573;251.4792899408284
376575;376674;680.2721088435375
376676;376776;581.7174515235457
376778;377307;173.75400091449475
377309;377938;332.0287842444136
377940;378437;344.8979591836735
378439;378759;420.6580591420242
378761;378999;89.2325996430696
379001;379391;301.7832647462277
379393;380020;351.9692168401992
380022;380418;480.59807760768956
380420;380669;291.4931588340274
380671;381301;344.02670924662505
381303;381768;343.0608153263533
381770;381864;283.5538752362949
381866;382143;180.0
382145;382691;299.6314693158148
382693;382752;153.0612244897959
382754;383288;384.8442769291807
383290;384969;792.7934879055592
384971;385337;241.3099683998851
385339;385635;239.9275690357628
385637;386936;470.9901143833135
386938;387098;41.1522633744856
387100;387129;468.75
387131;387149;612.2448979591836
387151;387267;226.8431001890359
387269;387276;7500.0
387278;387326;300.0
387328;387394;208.33333333333334
387396;387519;38.265306122448976
387521;387606;83.10249307479225
387608;387732;204.08163265306123
387734;388019;340.74074074074076
388021;388053;370.3703703703704
388055;388391;229.59183673469389
388393;388469;133.33333333333334
388471;388676;216.0493827160494
388678;389823;369.14513757613946
389825;389974;255.10204081632654
389976;390114;107.0154577883472
390116;390157;247.93388429752065
390159;390326;242.21453287197232
390328;390830;308.641975308642
390832;391178;337.1900826446281
391180;391380;283.05332359386415
391382;391492;249.30747922437672
391494;391812;424.69135802469134
391814;392286;207.93950850661625
392288;392795;416.6666666666667
392797;393878;577.4375743162901
393880;394372;371.59763313609466
394374;394747;373.79850480598077
394749;395623;485.2607709750567
395625;396992;536.5041617122473
396994;397755;416.6204986149584
397757;397856;207.61245674740485
397858;398156;458.41209829867677
398158;398265;170.13232514177693
398267;398414;522.9591836734694
398416;398736;228.0
398738;398769;468.75
398771;399251;494.22222222222223
399253;399526;232.00475907198097
399528;399593;0.0
399595;399909;236.99599876885196
399911;399952;1481.4814814814815
399954;400028;311.4186851211073
400030;400083;495.8677685950413
400085;401521;567.162968071727
401523;402093;486.01989116156875
402095;402533;358.1267217630854
402535;402927;510.97393689986285
402929;403259;261.4795918367347
403261;403444;467.1280276816609
403446;403523;207.61245674740485
403525;403562;370.3703703703704
403564;403624;495.8677685950413
403626;404140;361.57779401022646
404142;404285;224.0
404287;404667;428.03792013789143
404669;404757;413.22314049586777
404759;404903;519.8487712665407
404905;405033;686.7845993756504
405035;405635;400.8535284255449
405637;406785;431.9526627218935
406787;406947;117.1875
406949;407117;142.6872770511296
407119;407198;277.77777777777777
407200;407383;97.95918367346938
407385;407654;144.86192847442283
407656;408340;436.8135336447418
408342;409190;379.5531068258341
409192;410211;401.1016171174352
410213;410695;378.41796875
410697;410933;255.80011897679952
410935;411142;514.2332415059687
411144;411228;800.0
411230;411533;291.4931588340274
411535;411845;141.77693761814746
411847;411970;416.0
411972;412283;349.8542274052478
412285;412310;0.0
412312;412604;376.7781622452903
412606;413293;338.7674875708174
413295;413818;349.1370759769887
413820;414143;153.07938768244927
414145;414428;562.466197944835
414430;414617;358.1267217630854
414619;415021;273.9304401354263
415023;415532;395.7612456747405
415534;415842;425.0
415844;415978;247.93388429752065
415980;416038;459.18367346938777
416040;416140;300.0
416142;416323;400.390625
416325;416504;266.2993572084481
416506;416792;195.3125
416794;416840;247.93388429752065
416842;417260;290.52734375
417262;417300;370.3703703703704
417302;417401;462.962962962963
417403;417493;0.0
417495;417557;177.5147928994083
417559;417564;3333.3333333333335
417566;417647;622.2222222222222
417649;417654;3333.3333333333335
417656;417820;166.015625
417822;417898;266.6666666666667
417900;418053;216.83673469387756
418055;418142;207.61245674740485
418144;418326;58.59375
418328;419309;372.9253466293286
419311;419918;391.29701467363805
419920;420151;631.25
420153;420316;405.82726326742977
420318;420347;0.0
420349;420419;133.33333333333334
420421;420718;284.0
420720;420930;236.68639053254438
420932;421306;191.66666666666666
421308;421585;190.13128112267995
421587;421874;316.6351606805293
421876;422356;404.4117647058824
422358;422797;716.40903686088
422799;422878;207.61245674740485
422880;422896;1200.0
422898;422960;532.5443786982248
422962;423227;352.0
423229;423327;415.2249134948097
423329;423452;528.0
423454;423566;225.0
423568;423905;408.09327846364886
423907;423949;339.5061728395062
423951;426665;770.5026455026455
426667;426808;354.6712802768166
426810;427091;213.4986225895317
427093;427177;83.10249307479225
427179;427235;208.33333333333334
427237;431262;1226.0483023264649
431264;431453;93.65244536940686
431455;431766;976.4542936288088
431768;432091;661.1570247933885
432093;432199;136.05442176870747
432201;432387;285.7142857142857
432389;432527;355.0295857988166
432529;432881;361.3994617454825
432883;433497;321.875
433499;433838;334.99320959710275
433840;434269;211.62842503898418
434271;434383;150.0
434385;434475;664.819944598338
434477;434606;204.52885317750182
434608;435127;274.9198853094957
435129;435195;419.921875
435197;435355;408.16326530612247
435357;435870;478.0797460821266
435872;436068;341.796875
436070;436393;294.9245541838134
436395;436406;0.0
436408;436526;44.37869822485207
436528;436687;311.4186851211073
436689;437173;249.83563445101908
437175;437618;287.5571083042193
437620;437729;96.0
437731;437779;107.0154577883472
437781;437878;304.7091412742382
437880;437952;351.5625
437954;438125;303.030303030303
438127;438169;300.0
438171;438267;75.0
438269;438374;103.80622837370242
438376;438690;221.60664819944597
438692;438952;306.79327976625274
438954;439169;232.42630385487527
439171;439301;187.5
439303;439508;325.5208333333333
439510;439741;103.8781163434903
439743;439830;585.9375
439832;439854;0.0
439856;439910;166.2049861495845
439912;440014;123.96694214876032
440016;440080;133.33333333333334
440082;440273;233.7472607742878
440275;440346;1775.1479289940828
440348;440438;277.77777777777777
440440;440542;675.0
440544;440601;133.33333333333334
440603;440689;277.77777777777777
440691;440927;201.44628099173553
440929;441429;172.58382642998026
441431;441558;347.22222222222223
441560;441585;612.2448979591836
441587;442158;345.3125
442160;442227;2013.888888888889
442229;442574;382.0741166331514
442576;442896;184.9112426035503
442898;443294;188.12147272238644
443296;444291;529.9894489083679
444293;444801;385.4875283446712
444803;445195;2318.75
445197;445232;240.0
445234;445315;240.0
445317;445328;166.2049861495845
445330;445567;401.75310445580715
445569;446101;252.00876552227905
446103;446532;329.58984375
446534;447177;464.00951814396194
447179;447644;239.44549464398236
447646;447750;555.5555555555555
447752;447866;226.8431001890359
447868;447977;737.217598097503
447979;448038;247.93388429752065
448040;448235;595.703125
448237;448654;317.3828125
448656;449110;474.0017236426314
449112;449323;371.09375
449325;449763;521.3652244020425
449765;449777;1875.0
449779;450416;256.9035762788592
450418;450683;296.2962962962963
450685;450849;472.5897920604915
450851;451282;352.7336860670194
451284;451582;258.225739275302
451584;451864;244.4545043005885
451866;452146;224.90628904623074
452148;452433;276.5432098765432
452435;452606;188.88888888888889
452608;453050;224.6165084002922
453052;453102;1360.9467455621302
453104;453347;622.2222222222222
453349;453616;160.0
453618;453759;177.5147928994083
453761;454099;173.33984375
454101;454541;326.62721893491124
454543;454992;324.70703125
454994;455377;320.0984918436442
455379;455565;321.3957759412305
455567;455792;383.6734693877551
455794;456006;195.91836734693877
456008;456808;363.390254060808
456810;457205;238.75114784205692
457207;457279;218.52237252861602
457281;457383;344.82758620689657
457385;457523;318.75
457525;457733;404.04040404040404
457735;458210;320.40816326530614
458212;458309;664.819944598338
458311;458538;408.16326530612247
458540;458680;205.76131687242798
458682;458777;103.80622837370242
458779;459115;264.0603566529492
459117;459153;300.0
459155;459289;677.0833333333334
459291;459440;178.57142857142858
459442;460223;459.1368227731864
460225;460892;361.218836565097
460894;461538;362.87923854848304
461540;462235;258.9894785524338
462237;462855;439.453125
462857;463199;288.46153846153845
463201;463366;269.5595003287311
463368;463656;232.5581395348837
463658;464275;177.03791782269784
464277;464591;229.07122032486464
464593;464835;225.0
464837;465255;624.256837098692
465257;465498;102.04081632653062
465500;465882;184.8964134551125
465884;465934;155.55555555555554
465936;466022;622.8373702422145
466024;466326;525.1479289940828
466328;466367;370.3703703703704
466369;466605;362.3580313683072
466607;466710;136.05442176870747
466712;466823;52.083333333333336
466825;466848;0.0
466850;467062;243.2610124917817
467064;467399;457.51633986928107
467401;467505;0.0
467507;467547;300.0
467549;467700;58.59375
467702;467868;192.04389574759946
467870;468245;358.1267217630854
468247;468288;339.5061728395062
468290;468389;497.44897959183675
468391;468647;532.2265625
468649;468724;410.15625
468726;469077;505.5401662049861
469079;469203;215.7943067033976
469205;469479;126.88614540466392
469481;469816;569.0119184928874
469818;470206;213.3194588969823
470208;470568;366.9410150891632
470570;471446;373.69614512471657
471448;471990;264.38070821983655
471992;472291;561.2244897959183
472293;472406;599.750104123282
472408;472839;367.7104280379201
472841;474358;719.7887811634349
474360;474745;406.6115702479339
474747;474819;0.0
474821;475985;530.1010602021204
475987;477852;478.7968965883728
477854;478796;534.4518804788387
478798;479138;210.4591836734694
479140;480247;375.7207514415029
480249;481016;360.4938271604938
481018;481449;268.5546875
481451;481547;156.1065197428834
481549;482356;414.4106622240733
482358;482695;243.05555555555554
482697;482891;878.90625
482893;483078;136.71875
483080;483910;575.3780718336484
483912;484208;307.8315980081485
484210;484461;255.10204081632654
484463;485172;433.3465451182455
485174;485573;532.1046373365042
485575;486354;462.3073719283632
486356;486577;442.17687074829934
486579;486626;0.0
486628;486673;900.0
486675;486716;468.75
486718;486775;247.93388429752065
486777;486840;153.0612244897959
486842;486936;113.42155009451795
486938;487032;1250.0
487034;487217;122.44897959183673
487219;487808;398.99590434667726
487810;488570;508.392706194904
488572;488921;262.5739644970414
488923;489574;624.5434623813002
489576;490293;434.7826086956522
490295;490419;48.0
490421;490939;337.8378378378378
490941;491211;120.65498419994255
491213;491340;112.03677104280379
491342;491451;575.0
491453;491590;192.04389574759946
491592;491707;537.1900826446281
491709;491727;0.0
491729;492765;519.0311418685121
492767;493019;345.0327186198691
493021;494096;254.5235781387385
494098;494308;311.6343490304709
494310;495224;512.396694214876
495226;495602;555.3577785688857
495604;495950;360.24305555555554
495952;496132;156.08740894901143
496134;498040;683.5080175580041
498042;498297;216.94214876033058
498299;498910;258.9894785524338
498912;498987;166.2049861495845
498989;499591;265.7439446366782
499593;499674;1043.0839002267574
499676;499726;1331.3609467455622
499728;499874;266.2721893491124
499876;500276;195.3125
500278;500393;0.0
500395;500520;52.083333333333336
500522;500687;534.9794238683128
500689;500740;177.5147928994083
500742;500843;0.0
500845;501367;359.1111111111111
501369;501445;0.0
501447;502598;578.8347205707491
502600;502806;276.8166089965398
502808;503674;374.7306863650354
503676;503745;153.0612244897959
503747;503864;208.33333333333334
503866;504103;401.051939513478
504105;504397;759.297520661157
504399;504584;244.140625
504586;504750;274.34842249657066
504752;504918;329.2181069958848
504920;505527;359.1111111111111
505529;506297;263.69963729046174
506299;507439;343.15111085985643
507441;507953;332.8125
507955;508691;339.7676652982793
508701;508800;68.02721088435374
508802;508863;0.0
508865;509136;217.3913043478261
509138;509789;384.0702947845805
509791;509990;306.17283950617286
509992;511759;552.749719416386
511761;512182;335.0970017636684
512184;512665;460.45785639958376
512667;513376;476.6600920447074
513378;513703;411.1531190926276
513705;514197;338.46153846153845
514199;514618;427.2959183673469
514620;514778;320.0
514780;515082;245.73094543940024
515084;515409;349.8542274052478
515411;515558;178.359096313912
515560;515739;405.82726326742977
515741;516135;270.5112960760999
516137;516228;33.333333333333336
516230;517169;249.24049848099696
517171;517336;166.66666666666666
517338;517403;800.0
517405;517700;376.0
517702;517906;293.2098765432099
517908;518009;185.1192595229619
518011;518132;114.28571428571429
518134;518291;372.5346968590212
518293;518378;61.98347107438016
518380;518440;71.3436385255648
518442;518558;69.44444444444444
518560;518621;69.44444444444444
518623;519049;233.90510135887726
519051;519460;363.8888888888889
519462;519581;416.0
519583;519755;108.0246913580247
519757;520884;354.64070928141854
520886;521399;557.8512396694215
521401;521527;368.0
521529;521723;236.68639053254438
521725;522031;155.9546313799622
522033;522402;310.2556736569951
522404;523240;335.60090702947844
523242;523731;370.3703703703704
523733;524991;418.24409590769784
524993;525314;478.9670970428988
525316;526185;258.2712791026487
526187;526550;184.9112426035503
526552;526996;430.9106578569377
526998;527674;315.62999747496
527676;527833;321.23735871505056
527835;528083;394.47731755424064
528085;528128;247.93388429752065
528130;528182;177.5147928994083
528184;528223;232.5581395348837
528225;528600;229.5684113865932
528602;528649;136.05442176870747
528651;528839;136.05442176870747
528841;528993;260.4166666666667
528995;529069;1700.0
529071;529211;528.0
529213;529778;342.9705215419501
529780;530255;392.56198347107437
530257;530703;591.672753834916
530705;530973;481.2295288485765
530975;531061;249.30747922437672
531063;531450;286.24192059095105
531452;531583;190.97222222222223
531585;531687;166.2049861495845
531689;531894;381.25
531896;531961;0.0
531963;532182;200.0
532184;532748;285.121107266436
532750;533268;190.15822325446365
533270;533517;311.9092627599244
533519;533953;346.68099973125504
533955;534201;413.83219954648524
534203;534290;170.13232514177693
534292;534417;113.42155009451795
534419;534612;655.5555555555555
534614;534652;612.2448979591836
534654;534993;490.4513888888889
534995;535287;238.71527777777777
535289;535374;416.6666666666667
535376;535835;323.01180663844957
535837;535953;396.97542533081287
535955;536109;493.82716049382714
536111;536695;375.961678037451
536697;536820;52.083333333333336
536822;536931;589.5691609977324
536933;537268;345.6892961266139
537270;537477;433.9250493096647
537479;537514;378.0718336483932
537516;537603;468.75
537605;537773;655.5555555555555
537775;537972;262.9656683710738
537974;538040;156.08740894901143
538042;538510;207.61245674740485
538512;538889;307.7870113881194
538891;539788;227.25428130833535
539790;539878;375.0
539880;539980;68.02721088435374
539982;540021;370.3703703703704
540023;540089;612.2448979591836
540091;540210;170.13232514177693
540212;540317;416.6666666666667
540319;540829;266.6204986149584
540831;541111;180.69973087274124
541113;541416;238.36985774702038
541418;541562;288.06584362139915
541564;541937;535.5493998153278
541939;542319;272.22222222222223
542321;542480;255.55555555555554
542482;542919;515.9903251814028
542921;543277;236.99599876885196
543279;543545;446.162998215348
543547;544243;830.4498269896194
544245;544700;575.1479289940828
544702;544902;468.3195592286501
544904;545106;206.60115898211137
545108;546310;520.6164098292378
546312;547743;563.9716066481994
547745;548509;653.0557057869119
548511;548627;1247.1655328798186
548629;548784;191.3265306122449
548786;549682;710.1056860861211
549684;550097;377.22908093278465
550099;550377;323.1292517006803
550379;550881;238.04800634794682
550883;550969;185.1851851851852
550971;551083;185.1851851851852
551085;551219;397.8052126200274
551221;551404;187.75510204081633
551406;551789;325.18140284869656
551791;552164;362.66349583828776
552166;552554;284.70647518266566
552556;552618;355.0295857988166
552620;552707;117.1875
552709;553070;225.92152199762188
553072;553652;352.89115646258506
553654;554209;299.6314693158148
554211;554360;274.34842249657066
554362;554397;61.98347107438016
554399;554511;274.34842249657066
554513;554623;351.2396694214876
554625;554924;224.90628904623074
554926;555300;409.3567251461988
555302;555669;502.7291008330939
555671;556221;139.79773944080904
556223;556268;370.3703703703704
556270;556512;231.25
556514;556635;315.50068587105625
556637;556822;181.25
556824;556873;300.0
556875;557581;276.5023977145189
557583;558171;260.0681732104532
558173;558278;83.10249307479225
558280;559597;482.66925817946225
559599;559995;361.60249739854316
559997;560019;0.0
560021;561102;437.7208754417509
561104;562461;363.2745615252904
562463;562601;138.88888888888889
562603;562998;255.46321945213913
563000;563124;115.70247933884298
563126;563481;321.3957759412305
563483;563675;348.9439853076217
563677;563743;625.0
563745;563794;416.6666666666667
563796;563984;234.375
563986;563997;3333.3333333333335
563999;564105;68.02721088435374
564107;564141;468.75
564143;564666;178.32647462277092
564668;564735;1242.603550295858
564737;564973;284.09090909090907
564975;565100;537.1900826446281
565102;566135;339.71931387836935
566137;566262;340.13605442176873
566264;567080;326.4972961942659
567082;567434;229.07122032486464
567436;568374;357.9254930606282
568376;569471;663.2810095413973
569473;570434;488.596704812921
570436;570952;218.44150388573829
570954;571324;224.27910288358848
571326;571522;136.71875
571524;572273;333.2912511046585
572275;572828;389.61038961038963
572830;572952;61.98347107438016
572954;573300;177.5147928994083
573302;573549;430.97151205259314
573551;574162;268.54405574103646
574164;575012;328.34467120181404
575014;575753;553.0733003260476
575755;575989;216.96252465483235
575991;576251;512.5
576253;576443;615.234375
576445;576522;208.33333333333334
576524;576664;220.40816326530611
576666;576741;909.0909090909091
576743;576846;450.0
576848;577205;248.0
577207;577621;185.71428571428572
577623;578281;246.71797193300137
578283;578494;131.57894736842104
578496;578908;165.28925619834712
578910;579411;276.5625
579413;582967;1337.4578743523969
582969;584120;303.30466274332275
584122;584463;143.63688595231255
584465;584624;261.74895895300415
584626;584771;356.65294924554183
584773;584826;177.5147928994083
584828;584841;1875.0
584843;584864;1875.0
584866;585050;648.7889273356401
585052;585509;193.80708398306973
585511;585622;396.97542533081287
585624;588085;749.0997942386831
588087;589032;367.80547860880273
589034;590137;539.3182203629374
590139;590215;519.0311418685121
590217;590500;342.88194444444446
590502;590898;451.0198218902614
590900;591275;152.2550991094513
591277;591369;166.2049861495845
591371;591742;252.38534933825792
591744;592164;291.6666666666667
592166;592405;141.58202523853492
592407;592490;165.28925619834712
592492;592656;114.79591836734694
592658;595623;1058.8720813955333
595625;595961;196.07843137254903
595963;596062;525.0
596064;596311;660.321237358715
596313;596365;1487.603305785124
596367;596448;104.16666666666667
596450;596512;133.33333333333334
596514;596600;249.30747922437672
596602;596712;226.8431001890359
596714;596960;164.39909297052154
596962;597388;216.67926429831192
597390;597516;0.0
597518;597679;606.508875739645
597681;597729;2962.962962962963
597731;597787;208.33333333333334
597789;597862;622.2222222222222
597864;597903;300.0
597905;598046;178.57142857142858
598048;598081;468.75
598083;599423;524.2999844728533
599425;599634;358.1267217630854
599636;600344;326.04757879483157
600346;600575;204.08163265306123
600577;601695;674.3572084481175
601697;602379;705.8823529411765
602381;603428;481.52448603237485
603430;603913;333.0449826989619
603915;604572;323.1476473769605
604574;605307;609.7890751757707
605309;606009;466.16735537190084
606011;607252;434.9335449315612
607254;607780;324.48979591836735
607782;607952;255.10204081632654
607954;608110;255.10204081632654
608112;608294;222.22222222222223
608296;608673;449.36903662665435
608675;608707;3281.25
608709;609807;591.7874396135265
609809;609871;266.6666666666667
609873;609954;185.1851851851852
609956;610367;420.0
610369;610413;2812.5
610415;610437;612.2448979591836
610439;611251;554.5943867743176
611253;611817;568.1142177275432
611819;611920;300.0
611922;612296;235.96938775510205
612298;612517;683.59375
612519;612632;123.96694214876032
612634;613328;476.9955319405869
613330;613655;640.4958677685951
613657;613810;755.5555555555555
613812;613826;833.3333333333334
613828;613986;321.3957759412305
613988;614080;92.5925925925926
614082;614345;524.6078961600865
614347;614499;384.0877914951989
614501;614685;371.97231833910035
614687;614758;800.0
614760;615400;471.7665844099289
615402;615539;220.40816326530611
615541;615582;220.40816326530611
615584;615631;247.93388429752065
615633;615745;340.13605442176873
615747;615869;1074.3801652892562
615871;616665;384.64775692281796
616667;616929;272.09607806342655
616931;617239;502.48981439565415
617241;617345;225.0
617347;617622;443.4829637641969
617624;618851;403.16358024691357
618853;619106;221.60664819944597
619108;619737;460.2235371466141
619739;621121;667.3609998397693
621123;621152;281.06508875739644
621154;621299;281.06508875739644
621301;622090;485.3902345251826
622092;622198;83.10249307479225
622200;622322;364.5833333333333
622324;622412;166.2049861495845
622414;622482;234.375
622484;622501;3750.0
622503;622804;191.5868388171595
622806;622858;208.33333333333334
622860;623064;339.3351800554017
623066;623254;670.3397612488521
623256;623751;459.10493827160496
623753;624363;382.6530612244898
624365;624518;123.45679012345678
624520;626184;711.0726643598616
626186;626770;274.4904667981591
626772;627241;252.5252525252525
627243;627638;186.44494834971024
627640;628310;296.5500945179584
628312;629599;529.8442906574395
629601;630210;560.4865220249835
630212;631232;364.72918516494775
631234;631532;303.2544378698225
631534;632043;365.0137741046832
632045;632404;380.1652892561983
632406;632666;713.8607971445568
632668;632857;58.59375
632859;632953;415.5124653739612
632955;633030;918.3673469387755
633032;633561;352.66272189349115
633563;633742;355.55555555555554
633744;633845;113.42155009451795
633847;633941;225.0
633943;634118;277.55102040816325
634120;634263;176.0
634265;635061;446.53739612188366
635063;635755;350.18929150892376
635757;636483;400.2019946976392
636485;637517;382.2897070679925
637519;638576;496.30655586334257
638578;638878;179.0920449812578
638880;638946;625.0
638948;639399;380.55555555555554
639401;639730;232.98816568047337
639732;639882;266.2721893491124
639884;640482;224.22145328719722
640484;640619;718.3364839319471
640621;640719;725.0
640721;640859;107.0154577883472
640861;640961;664.819944598338
640963;641220;117.70031688546854
641222;641380;582.7263267429761
641382;641451;730.4601899196493
641453;641536;166.2049861495845
641538;641890;405.83837664649343
641892;641987;136.05442176870747
641989;642667;335.2864583333333
642669;643008;538.7523629489604
643010;643241;357.5547866205306
643243;643291;432.0987654320988
643293;643374;133.33333333333334
643376;643479;136.05442176870747
643481;643915;342.85714285714283
643917;644173;211.77685950413223
644175;644526;445.8161865569273
644528;644910;241.66666666666666
644912;645697;553.4178361249434
645699;646325;290.5328798185941
646327;646551;406.57439446366783
646553;647190;531.4878892733564
647192;647530;340.0
647532;649918;771.7953913315773
649920;650149;243.90243902439025
650151;651519;687.3636183296965
651521;652610;802.103879026956
652612;652766;604.9149338374291
652768;654082;352.1680781156
654084;654986;396.4312768285498
654988;655594;401.6012396694215
655596;656600;546.9678953626635
656602;657111;667.9269061121613
657113;657191;277.77777777777777
657193;657273;277.77777777777777
657275;657434;239.3340270551509
657436;657588;400.0
657590;657802;59.171597633136095
657804;658142;389.03061224489795
658144;658611;373.96449704142015
658613;658805;397.92387543252596
658807;659829;491.6753381893861
659831;659886;625.0
659888;660143;408.05785123966945
660145;660608;283.3333333333333
660610;660864;244.0
660866;661030;124.39156300703083
661032;661483;354.6712802768166
661485;661738;571.0886377156454
661740;661885;340.26465028355386
661887;662324;478.515625
662326;662445;204.08163265306123
662447;662665;198.96193771626298
662667;662912;462.5
662914;662981;400.0
662983;663164;159.2797783933518
663166;663230;266.6666666666667
663232;663290;208.33333333333334
663292;663355;400.0
663357;663386;833.3333333333334
663388;663484;249.4331065759637
663486;663610;136.05442176870747
663612;664126;280.4037814452812
664128;664189;174.47199265381084
664191;664314;0.0
664316;665688;671.604938271605
665690;666027;212.7659574468085
666029;667357;522.7137472723666
667359;667566;332.409972299169
667568;667786;321.4024835646457
667788;667852;625.0
667854;667876;1200.0
667878;667935;300.0
667937;667989;1836.734693877551
667991;668012;833.3333333333334
668014;668312;303.81944444444446
668314;668487;356.718192627824
668489;668633;88.75739644970415
668635;668726;185.1851851851852
668728;668923;51.90311418685121
668925;669474;320.5128205128205
669476;669657;191.3265306122449
669659;669740;92.5925925925926
669742;670111;185.9504132231405
670113;670368;446.2809917355372
670370;670440;562.45434623813
670442;670615;384.94685435219765
670617;671281;497.44897959183675
671283;671613;249.92818155702383
671615;671637;0.0
671639;671752;192.0
671754;671949;449.21875
671951;672162;266.43990929705217
672164;672296;604.9149338374291
672298;672421;532.5443786982248
672423;672571;466.6666666666667
672573;672750;294.11764705882354
672752;672818;459.18367346938777
672820;672953;816.0
672955;673257;327.27272727272725
673259;673457;53.53955978584176
673459;674342;381.12150809370945
674344;674586;261.7283950617284
674588;674693;272.10884353741494
674695;675483;501.9115772963435
675485;675574;561.2244897959183
675576;675687;68.02721088435374
675689;675753;416.6666666666667
675755;676248;296.15626969124133
676250;676352;394.47731755424064
676354;676722;418.465002814787
676724;676751;833.3333333333334
676753;676780;468.75
676782;676856;177.5147928994083
676858;677035;341.796875
677037;677375;131.7194731221075
677377;677441;898.4375
677443;677732;196.52305366591082
677734;678625;500.53748992206397
678627;678764;280.66128412149175
678766;679136;445.5017301038062
679138;679202;555.5555555555555
679204;679339;416.0
679341;679709;349.8654363706267
679711;679882;312.5
679884;681097;624.7170665459483
681099;682445;593.1370011904146
682447;682846;225.74576726686374
682848;684278;852.2138642403495
684280;684696;544.7830101569714
684698;684950;496.71292914536156
684952;685500;406.476640242874
685502;685610;136.05442176870747
685612;685939;521.4497041420118
685941;686339;222.94887039239
686341;688604;1121.8423159989322
688606;689404;235.0
689406;689469;887.5739644970414
689471;689588;238.75114784205692
689590;689633;238.75114784205692
689635;690059;275.0
690061;690133;526.3157894736842
690135;691426;585.7377647918188
691428;691468;370.3703703703704
691470;691699;279.5954788816181
691701;691739;740.7407407407408
691741;692369;462.29338842975204
692371;692473;207.93950850661625
692475;692496;833.3333333333334
692498;692703;294.11764705882354
692705;693486;476.3556480517979
693488;693704;275.0
693706;693739;370.3703703703704
693741;693781;300.0
693783;694049;238.36985774702038
694051;694201;266.2721893491124
694203;695607;653.7618699780862
695609;695882;205.5164954029205
695884;696696;651.8117451062058
696698;697137;397.9591836734694
697139;697639;392.7437641723356
697641;697978;290.7986111111111
697980;698292;280.0734618916437
698294;698550;315.1010701545779
698552;698603;208.33333333333334
698605;698664;355.0295857988166
698666;698896;256.25
698898;699199;284.76331360946745
699201;700731;728.0124653739612
700733;701484;460.4938271604938
701486;702012;367.6470588235294
702014;702569;517.7938944172711
702571;703045;214.15973796926178
703047;703779;350.61728395061726
703781;705169;507.13079376993807
705171;705530;199.92310649750095
705532;706037;343.1952662721894
706039;708650;682.4442354205859
708652;708730;52.083333333333336
708732;709967;586.3905325443787
709969;710541;269.86001011975037
710543;711017;348.9439853076217
711019;712022;485.55094369175345
712024;712357;365.48442906574394
712359;712485;381.94444444444446
712487;712503;1200.0
712505;712706;504.0175310445581
712708;712859;166.66666666666666
712861;712987;208.33333333333334
712989;713338;202.14030915576694
713340;713458;680.5293005671077
713460;713654;394.44850255661066
713656;713873;555.5555555555555
713875;713907;987.6543209876543
713909;714102;146.09203798392988
714104;714127;781.25
714129;714331;762.1671258034894
714333;714480;399.4082840236686
714482;714525;0.0
714527;714928;451.66015625
714930;715517;248.35763499439193
715519;715670;66.66666666666667
715672;715816;416.1712247324614
715818;715853;300.0
715855;715908;612.2448979591836
715910;715993;249.7398543184183
715995;716058;249.7398543184183
716060;716464;536.6591080876796
716466;716621;162.03703703703704
716623;716932;173.7223815145893
716934;717079;576.1316872427983
717081;717144;133.33333333333334
717146;717465;305.21262002743487
717467;717543;355.0295857988166
717545;717799;500.0
717801;717864;484.42906574394465
717866;717935;416.0
717937;718496;303.125
718498;718741;204.52885317750182
718743;718978;339.0838786436645
718980;719138;416.0
719140;719365;231.25
719367;719459;92.5925925925926
719461;719993;502.19138056975896
719995;720173;136.71875
720175;720437;283.4467120181406
720439;721080;546.3867969876623
721082;721145;227.27272727272728
721147;721398;262.5739644970414
721400;721867;268.5546875
721869;722237;403.1065088757396
722239;722422;462.962962962963
722424;722675;389.2733564013841
722677;723291;507.1386079714456
723293;723321;0.0
723323;724037;388.8397929554349
724039;724164;368.0
724166;724678;267.8040071414402
724680;724741;765.3061224489796
724743;725427;401.1080332409972
725429;725588;344.38775510204084
725590;725652;0.0
725654;725760;56.71077504725898
725762;726532;390.0
726534;726689;380.49940546967895
726691;726818;133.1360946745562
726820;727014;440.77134986225894
727016;727919;418.5903354878424
727921;728148;324.4997295835587
728150;728225;266.2721893491124
728227;728724;562.45434623813
728726;729459;392.56198347107437
729461;731138;586.328125
731140;733096;438.38828676828047
733098;733690;352.44704163623084
733692;733806;396.97542533081287
733808;733934;176.0
733936;734242;288.3588465646137
734244;734304;153.0612244897959
734306;734486;122.44897959183673
734488;734788;329.9080584099513
734790;734963;437.3177842565598
734965;735435;443.21329639889194
735437;735566;416.6666666666667
735568;735801;270.4164413196322
735803;735900;150.0
735902;736040;434.7826086956522
736042;736166;175.31044558071585
736168;736349;247.93388429752065
736351;737377;579.4090489381348
737379;737548;283.5538752362949
737550;737698;136.71875
737700;738002;470.0413223140496
738004;738045;600.0
738047;738490;377.5267538644471
738492;739080;414.9975965390162
739082;739188;495.8677685950413
739190;739385;355.0295857988166
739387;739435;163.26530612244898
739437;740265;610.3421760861207
740267;740380;133.1360946745562
740382;740446;88.75739644970415
740448;740525;933.3333333333334
740527;741135;257.2873289708507
741137;742639;575.6503642039543
742641;743681;644.5297204166341
743683;746577;1057.569459011079
746579;746939;451.1834319526627
746941;747084;369.8979591836735
747086;747213;375.0
747215;747514;314.3491124260355
747516;747670;722.2222222222222
747672;747860;445.9823144944252
747862;748465;268.25179088553574
748467;749309;764.9623464130004
749311;749519;395.40816326530614
749521;750479;936.0
750481;750840;616.5494862087614
750842;751510;450.32889188733344
751512;752573;724.4106821207612
752575;752969;448.55820576717696
752971;753735;613.6621315192743
753737;756650;993.6810577836219
756652;758018;794.6745562130177
758020;758420;278.65555874748634
758422;758812;339.5061728395062
758814;761242;725.6198347107438
761244;761666;513.3028755710831
761668;761772;450.0
761774;762637;442.7236764582106
762639;762852;259.51557093425606
762854;762916;153.0612244897959
762918;763014;899.6539792387543
763016;764190;693.4996220710507
764192;764823;400.51984877126654
764825;765529;493.9017026929115
765531;765591;153.0612244897959
765593;765706;113.42155009451795
765708;767540;662.0840600526658
767542;767850;761.451516954194
767852;768935;299.1675338189386
768937;770127;622.4852071005918
770129;770656;403.5792549306063
770658;772435;559.132797731569
772437;772967;366.7820069204152
772969;773052;512.0
773054;773118;703.125
773120;773166;495.8677685950413
773168;773249;266.6666666666667
773251;773325;266.6666666666667
773327;773497;147.05882352941177
773499;773639;153.0612244897959
773641;773720;370.3703703703704
773722;773993;370.3703703703704
773995;774245;366.8054110301769
774247;774717;556.4744801512287
774719;774849;261.74895895300415
774851;775255;327.20526227019735
775257;775970;743.592980684257
775972;776407;343.1952662721894
776409;776657;373.9612188365651
776659;777906;509.3935790725327
777908;778128;359.5585617657529
778130;778558;488.9807162534435
778560;778685;396.97542533081287
778687;780183;748.7880886426593
780185;780218;1224.4897959183672
780220;780291;92.5925925925926
780293;780622;269.78774052767307
780624;780851;519.1995673336938
780853;780971;1156.4625850340135
780973;781065;380.6228373702422
781067;781499;372.0083246618106
781501;781540;247.93388429752065
781542;782067;566.7060212514758
782069;782403;961.1687812379854
782405;782504;234.375
782506;782825;601.6375934496263
782827;782985;396.97542533081287
782987;783730;742.2823447797433
783732;786091;917.551545753818
786093;786488;476.6803840877915
786490;787626;794.8132222520828
787628;789231;648.1237532462644
789233;789583;311.4186851211073
789585;789914;128.15948736205056
789916;790346;502.77777777777777
790348;790975;341.29145970197084
790977;793121;598.6394557823129
793123;793526;308.3333333333333
793528;794179;578.8897005113222
794181;795043;375.0
795068;795169;216.66666666666666
795171;809935;1989.3487839034506
809937;810914;590.7064471879287
810916;811162;368.75
811164;811271;451.3888888888889
811273;811366;0.0
811368;811472;495.8677685950413
811474;811690;249.30747922437672
811692;811909;181.40589569160997
811911;812119;346.1330448891293
812121;812153;264.6502835538752
812155;812215;0.0
812217;812669;437.8698224852071
812671;812839;416.1712247324614
812841;812978;414.20118343195264
812980;813282;578.6395814096645
813284;813863;419.65973534971647
813865;813990;52.083333333333336
813992;814025;370.3703703703704
814027;814470;357.77273872511967
814472;814643;0.0
814645;815551;462.04908725652894
815553;815960;372.22222222222223
815962;816334;476.07421875
816336;816397;390.625
816399;816528;480.0
816530;816724;321.3957759412305
816726;816883;77.85467128027682
816885;816945;177.5147928994083
816947;817539;352.89115646258506
817541;817724;294.11764705882354
817726;818449;344.86276910519337
818451;819848;705.9228650137741
819850;820660;561.3399728383885
820662;820813;214.0309155766944
820815;820960;1111.111111111111
820962;821581;355.63942517056176
821583;822007;310.74380165289256
822009;822665;384.5505144206443
822667;823132;461.42578125
823134;823324;249.7398543184183
823326;823732;234.71074380165288
823734;824512;715.2514872904272
824514;824901;544.6778212887149
824903;825175;387.8116343490305
825177;825841;356.9303985722784
825843;826300;282.18694885361555
826302;827313;442.8684784764928
827315;827468;233.80811609782316
827470;827745;315.28851873884594
827747;828059;258.26446280991735
828061;828701;428.6100594916171
828703;829187;373.88392857142856
829197;829276;190.66403681788296
829278;829506;347.22222222222223
829508;829616;247.93388429752065
829618;829733;280.9573361082206
829735;829948;188.96447467876038
829950;830510;397.2318339100346
830512;831108;472.488949855205
831110;831328;241.0518626734843
831330;832088;818.9270351432514
832090;832333;692.1487603305785
832335;832513;103.8781163434903
832515;833298;471.5526337147959
833300;833342;173.01038062283737
833344;833524;184.08941485864563
833526;833648;164.6090534979424
833650;833853;97.3499188750676
833855;834050;236.73469387755102
834052;834319;395.0617283950617
834321;834362;370.3703703703704
834364;834444;588.2352941176471
834446;834645;390.625
834647;835019;477.07100591715977
835021;835288;412.5
835290;835379;153.0612244897959
835381;835785;273.0518798571729
835787;836026;256.2326869806094
836028;836238;484.42906574394465
836240;836376;591.7159763313609
836378;837015;293.44282091534836
837017;837138;123.96694214876032
837140;837890;382.54517493271817
837892;838433;387.92376454714116
838435;838681;93.75
838683;838881;448.8912925905895
838883;839174;505.68055246157274
839176;839980;399.8462129950019
839982;840200;507.33024691358025
840202;840383;410.50295857988164
840385;840635;90.53870529651427
840637;840644;7500.0
840646;840741;351.2396694214876
840743;840858;96.0
840860;840971;1050.0
840973;841013;0.0
841015;841317;298.76472278081013
841319;841482;301.7689906347555
841484;842364;422.5221893491124
842366;842615;351.47392290249434
842617;842783;589.8491083676269
842785;842851;519.0311418685121
842853;843155;225.69444444444446
843157;843345;117.1875
843347;843990;422.77711718853215
843992;844346;353.9540816326531
844348;844651;296.5561224489796
844653;844759;75.0
844761;844956;393.51851851851853
844958;845147;449.8269896193772
845149;845187;247.93388429752065
845189;845584;434.0071343638526
845586;846535;422.748309006764
846537;847274;324.8646397334444
847276;847382;371.900826446281
847384;847621;226.4426588750913
847623;847965;233.91812865497076
847967;848359;341.6666666666667
848361;848412;518.5185185185185
848414;848632;456.25
848634;848656;2812.5
848658;849120;264.6285338593031
849122;849488;275.0
849490;849648;233.19615912208505
849650;850156;241.61735700197238
850158;851473;687.8525956213447
851475;852867;837.9247015610651
852869;853890;536.1969464533568
853892;855624;568.3450833639614
855626;855871;378.08641975308643
855873;856283;487.8826530612245
856285;856500;302.4326101249178
856502;857045;398.1994459833795
857047;858658;507.69342429960807
858660;859027;303.030303030303
859029;859077;249.70273483947682
859079;859136;306.1224489795918
859138;859182;247.93388429752065
859184;859266;166.2049861495845
859268;859396;964.0831758034027
859398;859521;133.1360946745562
859523;859747;637.1191135734072
859749;859840;207.61245674740485
859842;859943;664.819944598338
859945;859992;625.0
859994;860091;68.02721088435374
860093;860239;333.3333333333333
860241;860359;364.5833333333333
860361;860423;0.0
860425;860668;366.73553719008265
860670;861027;581.5972222222222
861029;861141;575.0
861143;861583;423.87543252595157
861585;863197;616.1422902494331
863199;863468;244.39405391786343
863470;864091;361.8915481558562
864093;864216;247.93388429752065
864218;864683;156.25
864685;864896;249.30747922437672
864898;865440;465.77777777777777
865442;865895;532.1150228433216
865897;866056;650.5102040816327
866058;866288;226.05591909577632
866290;866849;453.5990481856038
866851;866957;709.8765432098766
866959;867027;208.33333333333334
867029;867072;416.6666666666667
867074;867807;506.72743055555554
867809;867865;1360.9467455621302
867867;867961;266.6666666666667
867963;868351;524.0
868353;868547;364.20395421436007
868549;869012;397.74254232733136
869014;869293;628.1957633308984
869295;869426;609.4182825484764
869428;869804;316.0
869806;870100;202.46913580246914
870102;870359;337.5
870361;870620;227.27272727272728
870622;871359;436.3905325443787
871361;871567;302.77777777777777
871569;871722;599.4897959183673
871724;871844;249.30747922437672
871846;872001;192.8374655647383
872003;872213;312.5
872215;872277;1065.0887573964496
872279;872429;566.6666666666666
872431;872472;740.7407407407408
872474;872791;316.84027777777777
872793;872835;247.93388429752065
872837;873258;330.61224489795916
873260;873350;181.40589569160997
873352;873748;347.1570651154063
873750;873918;360.1108033240997
873920;874218;362.1301775147929
874220;874428;270.0831024930748
874430;874487;392.0118343195266
874489;874569;369.0888119953864
874571;874748;369.0888119953864
874750;874840;351.2396694214876
874842;875186;388.0384478462086
875188;875197;0.0
875199;875411;397.92387543252596
875413;875945;300.0
875947;876041;315.50068587105625
876043;876243;312.3698458975427
876245;877246;823.7216455209535
877248;877280;0.0
877282;877514;581.25
877516;877697;222.22222222222223
877699;878164;502.75482093663913
878166;878321;307.1833648393195
878323;878444;307.1833648393195
878446;878987;409.5778197857593
878989;879599;342.797783933518
879601;880472;506.0708091011121
880474;881156;528.7614164396731
881158;882119;535.8367626886145
882121;882476;568.5763888888889
882478;882944;478.6680541103018
882946;883141;136.71875
883143;883646;503.90526581002774
883648;884301;551.5625
884303;885127;537.5708884688091
885129;885460;387.33860891295296
885462;886018;501.31492439184746
